BRANCH_CITY,BRANCH_CODE,BRANCH_NAME,BRANCH_PHONE,BRANCH_STATE,BRANCH_STREET,BRANCH_ZIP,LAST_UPDATED

Lakeville,1,Example Bank,(XXX)123-4565,MN,Bridle Court,55044,2018-04-18T16:51:47.000-04:00

Huntley,2,Example Bank,(XXX)123-4618,IL,Washington Street,60142,2018-04-18T16:51:47.000-04:00

SouthRichmondHill,3,Example Bank,(XXX)123-4985,NY,Warren Street,11419,2018-04-18T16:51:47.000-04:00

Middleburg,4,Example Bank,(XXX)123-4663,FL,Cleveland Street,32068,2018-04-18T16:51:47.000-04:00

KingOfPrussia,5,Example Bank,(XXX)123-4849,PA,14th Street,19406,2018-04-18T16:51:47.000-04:00

Paterson,7,Example Bank,(XXX)123-4144,NJ,Jefferson Street,7501,2018-04-18T16:51:47.000-04:00

Pittsford,8,Example Bank,(XXX)123-4678,NY,B Street,14534,2018-04-18T16:51:47.000-04:00

Wethersfield,9,Example Bank,(XXX)123-4675,CT,Jefferson Court,6109,2018-04-18T16:51:47.000-04:00

NorthOlmsted,10,Example Bank,(XXX)123-4145,OH,Cambridge Road,44070,2018-04-18T16:51:47.000-04:00

Hillsborough,11,Example Bank,(XXX)123-4366,NJ,3rd Street West,8844,2018-04-18T16:51:47.000-04:00

MadisonHeights,12,Example Bank,(XXX)123-4867,MI,Mill Road,48071,2018-04-18T16:51:47.000-04:00

Oviedo,14,Example Bank,(XXX)123-4938,FL,Washington Street,32765,2018-04-18T16:51:47.000-04:00

Mechanicsburg,15,Example Bank,(XXX)123-4462,PA,Chestnut Street,17050,2018-04-18T16:51:47.000-04:00

Plainview,16,Example Bank,(XXX)123-4857,NY,Monroe Drive,11803,2018-04-18T16:51:47.000-04:00

Paducah,17,Example Bank,(XXX)123-4546,KY,Railroad Street,42001,2018-04-18T16:51:47.000-04:00

Harleysville,18,Example Bank,(XXX)123-4824,PA,Church Street South,19438,2018-04-18T16:51:47.000-04:00

SilverSpring,19,Example Bank,(XXX)123-4484,MD,King Street,20901,2018-04-18T16:51:47.000-04:00

Burnsville,20,Example Bank,(XXX)123-4840,MN,Canterbury Drive,55337,2018-04-18T16:51:47.000-04:00

Tacoma,21,Example Bank,(XXX)123-4362,WA,2nd Avenue,98444,2018-04-18T16:51:47.000-04:00

Carlisle,22,Example Bank,(XXX)123-4922,PA,Front Street South,17013,2018-04-18T16:51:47.000-04:00

Duarte,23,Example Bank,(XXX)123-4460,CA,Highland Avenue,91010,2018-04-18T16:51:47.000-04:00

Redford,24,Example Bank,(XXX)123-4617,MI,Grove Street,48239,2018-04-18T16:51:47.000-04:00

NewBaltimore,25,Example Bank,(XXX)123-4525,MI,Park Avenue,48047,2018-04-18T16:51:47.000-04:00

LakeJackson,26,Example Bank,(XXX)123-4356,TX,Chestnut Avenue,77566,2018-04-18T16:51:47.000-04:00

WinstonSalem,27,Example Bank,(XXX)123-4836,NC,Pin Oak Drive,27103,2018-04-18T16:51:47.000-04:00

Midlothian,28,Example Bank,(XXX)123-4416,VA,3rd Street West,23112,2018-04-18T16:51:47.000-04:00

Glendora,29,Example Bank,(XXX)123-4785,CA,School Street,91740,2018-04-18T16:51:47.000-04:00

SouthLyon,30,Example Bank,(XXX)123-4915,MI,Shady Lane,48178,2018-04-18T16:51:47.000-04:00

Carrollton,31,Example Bank,(XXX)123-4148,GA,Queen Street,30117,2018-04-18T16:51:47.000-04:00

Helena,32,Example Bank,(XXX)123-4302,MT,Aspen Court,59601,2018-04-18T16:51:47.000-04:00

Loganville,35,Example Bank,(XXX)123-4316,GA,Durham Road,30052,2018-04-18T16:51:47.000-04:00

ElDorado,36,Example Bank,(XXX)123-4685,AR,Spruce Avenue,71730,2018-04-18T16:51:47.000-04:00

CapeCoral,37,Example Bank,(XXX)123-4771,FL,Lawrence Street,33904,2018-04-18T16:51:47.000-04:00

Starkville,38,Example Bank,(XXX)123-4810,MS,7th Street,39759,2018-04-18T16:51:47.000-04:00

Grandville,39,Example Bank,(XXX)123-4209,MI,Devonshire Drive,49418,2018-04-18T16:51:47.000-04:00

Jonesboro,40,Example Bank,(XXX)123-4295,GA,Franklin Avenue,30236,2018-04-18T16:51:47.000-04:00

Youngstown,42,Example Bank,(XXX)123-4237,OH,Elmwood Avenue,44512,2018-04-18T16:51:47.000-04:00

Houston,43,Example Bank,(XXX)123-4755,TX,Ashley Court,77016,2018-04-18T16:51:47.000-04:00

Greenville,44,Example Bank,(XXX)123-4736,NC,12th Street East,27834,2018-04-18T16:51:47.000-04:00

Wilmette,45,Example Bank,(XXX)123-4453,IL,Bayberry Drive,60091,2018-04-18T16:51:47.000-04:00

Levittown,46,Example Bank,(XXX)123-4947,NY,Jones Street,11756,2018-04-18T16:51:47.000-04:00

NewBerlin,47,Example Bank,(XXX)123-4873,WI,Route 10,53151,2018-04-18T16:51:47.000-04:00

Bartlett,48,Example Bank,(XXX)123-4105,IL,Cedar Avenue,60103,2018-04-18T16:51:47.000-04:00

Chambersburg,49,Example Bank,(XXX)123-4156,PA,11th Street,17201,2018-04-18T16:51:47.000-04:00

Granger,50,Example Bank,(XXX)123-4115,IN,Fairway Drive,46530,2018-04-18T16:51:47.000-04:00

Lombard,51,Example Bank,(XXX)123-4132,IL,Route 20,60148,2018-04-18T16:51:47.000-04:00

ElPaso,52,Example Bank,(XXX)123-4245,TX,Fulton Street,79930,2018-04-18T16:51:47.000-04:00

Dundalk,53,Example Bank,(XXX)123-4323,MD,Manor Drive,21222,2018-04-18T16:51:47.000-04:00

RedondoBeach,54,Example Bank,(XXX)123-4452,CA,Oak Lane,90278,2018-04-18T16:51:47.000-04:00

Rowlett,56,Example Bank,(XXX)123-4852,TX,State Street East,75088,2018-04-18T16:51:47.000-04:00

Hartsville,57,Example Bank,(XXX)123-4773,SC,New Street,29550,2018-04-18T16:51:47.000-04:00

Rossville,58,Example Bank,(XXX)123-4335,GA,Hickory Street,30741,2018-04-18T16:51:47.000-04:00

Waxhaw,59,Example Bank,(XXX)123-4841,NC,Country Lane,28173,2018-04-18T16:51:47.000-04:00

Richmond,60,Example Bank,(XXX)123-4524,VA,Front Street,23223,2018-04-18T16:51:47.000-04:00

Oxford,63,Example Bank,(XXX)123-4372,MS,York Street,38655,2018-04-18T16:51:47.000-04:00

Syosset,66,Example Bank,(XXX)123-4656,NY,Winding Way,11791,2018-04-18T16:51:47.000-04:00

Baltimore,67,Example Bank,(XXX)123-4432,MD,Jackson Avenue,21206,2018-04-18T16:51:47.000-04:00

Fenton,69,Example Bank,(XXX)123-4670,MI,Amherst Street,48430,2018-04-18T16:51:47.000-04:00

Medford,70,Example Bank,(XXX)123-4982,MA,Briarwood Court,2155,2018-04-18T16:51:47.000-04:00

Stow,72,Example Bank,(XXX)123-4445,OH,Essex Court,44224,2018-04-18T16:51:47.000-04:00

Oconomowoc,73,Example Bank,(XXX)123-4845,WI,Maple Lane,53066,2018-04-18T16:51:47.000-04:00

Dearborn,74,Example Bank,(XXX)123-4273,MI,Evergreen Drive,48124,2018-04-18T16:51:47.000-04:00

Rockaway,75,Example Bank,(XXX)123-4204,NJ,9th Street,7866,2018-04-18T16:51:47.000-04:00

WinterSprings,76,Example Bank,(XXX)123-4513,FL,8th Avenue,32708,2018-04-18T16:51:47.000-04:00

UpperMarlboro,77,Example Bank,(XXX)123-4489,MD,Grant Avenue,20772,2018-04-18T16:51:47.000-04:00

Mundelein,78,Example Bank,(XXX)123-4164,IL,Heather Court,60060,2018-04-18T16:51:47.000-04:00

Bettendorf,79,Example Bank,(XXX)123-4394,IA,George Street,52722,2018-04-18T16:51:47.000-04:00

Enterprise,80,Example Bank,(XXX)123-4228,AL,Court Street,36330,2018-04-18T16:51:47.000-04:00

Simpsonville,81,Example Bank,(XXX)123-4583,SC,Summer Street,29680,2018-04-18T16:51:47.000-04:00

Brookfield,83,Example Bank,(XXX)123-4242,WI,Creekside Drive,53045,2018-04-18T16:51:47.000-04:00

LaCrosse,85,Example Bank,(XXX)123-4785,WI,Brown Street,54601,2018-04-18T16:51:47.000-04:00

BuffaloGrove,89,Example Bank,(XXX)123-4750,IL,Chapel Street,60089,2018-04-18T16:51:47.000-04:00

Chillicothe,90,Example Bank,(XXX)123-4890,OH,Tanglewood Drive,45601,2018-04-18T16:51:47.000-04:00

Davenport,91,Example Bank,(XXX)123-4759,IA,Lafayette Avenue,52804,2018-04-18T16:51:47.000-04:00

Poughkeepsie,93,Example Bank,(XXX)123-4885,NY,Harrison Street,12601,2018-04-18T16:51:47.000-04:00

Apopka,95,Example Bank,(XXX)123-4667,FL,Madison Street,32703,2018-04-18T16:51:47.000-04:00

Seymour,99,Example Bank,(XXX)123-4164,IN,Bridge Street,47274,2018-04-18T16:51:47.000-04:00

Wellington,100,Example Bank,(XXX)123-4809,FL,New Street,33414,2018-04-18T16:51:47.000-04:00

SiouxCity,103,Example Bank,(XXX)123-4483,IA,Grant Street,51106,2018-04-18T16:51:47.000-04:00

Owosso,104,Example Bank,(XXX)123-4909,MI,Cambridge Court,48867,2018-04-18T16:51:47.000-04:00

LongBranch,105,Example Bank,(XXX)123-4723,NJ,Virginia Avenue,7740,2018-04-18T16:51:47.000-04:00

Defiance,107,Example Bank,(XXX)123-4464,OH,Delaware Avenue,43512,2018-04-18T16:51:47.000-04:00

Ames,109,Example Bank,(XXX)123-4474,IA,Edgewood Drive,50010,2018-04-18T16:51:47.000-04:00

Kernersville,111,Example Bank,(XXX)123-4369,NC,River Street,27284,2018-04-18T16:51:47.000-04:00

PalmCity,114,Example Bank,(XXX)123-4172,FL,Madison Street,34990,2018-04-18T16:51:47.000-04:00

MurrellsInlet,115,Example Bank,(XXX)123-4908,SC,Jefferson Street,29576,2018-04-18T16:51:47.000-04:00

Canonsburg,117,Example Bank,(XXX)123-4197,PA,Route 64,15317,2018-04-18T16:51:47.000-04:00

Hanover,118,Example Bank,(XXX)123-4498,PA,Henry Street,17331,2018-04-18T16:51:47.000-04:00

Ashland,119,Example Bank,(XXX)123-4121,OH,Fulton Street,44805,2018-04-18T16:51:47.000-04:00

Oxnard,121,Example Bank,(XXX)123-4368,CA,Warren Street,93035,2018-04-18T16:51:47.000-04:00

DeerfieldBeach,123,Example Bank,(XXX)123-4365,FL,Willow Avenue,33442,2018-04-18T16:51:47.000-04:00

Osseo,124,Example Bank,(XXX)123-4134,MN,Bay Street,55311,2018-04-18T16:51:47.000-04:00

AllisonPark,125,Example Bank,(XXX)123-4699,PA,Cambridge Court,15101,2018-04-18T16:51:47.000-04:00

Bethesda,126,Example Bank,(XXX)123-4723,MD,Route 10,20814,2018-04-18T16:51:47.000-04:00

Valrico,131,Example Bank,(XXX)123-4880,FL,Orchard Lane,33594,2018-04-18T16:51:47.000-04:00

Nanuet,135,Example Bank,(XXX)123-4831,NY,Canterbury Road,10954,2018-04-18T16:51:47.000-04:00

Independence,136,Example Bank,(XXX)123-4601,KY,Route 11,41051,2018-04-18T16:51:47.000-04:00

SanLorenzo,139,Example Bank,(XXX)123-4547,CA,Jefferson Street,94580,2018-04-18T16:51:47.000-04:00

NewPhiladelphia,144,Example Bank,(XXX)123-4636,OH,Chestnut Avenue,44663,2018-04-18T16:51:47.000-04:00

Clermont,145,Example Bank,(XXX)123-4292,FL,6th Street West,34711,2018-04-18T16:51:47.000-04:00

Gettysburg,149,Example Bank,(XXX)123-4507,PA,Route 27,17325,2018-04-18T16:51:47.000-04:00

WestChester,156,Example Bank,(XXX)123-4548,PA,Adams Street,19380,2018-04-18T16:51:47.000-04:00

Natchez,158,Example Bank,(XXX)123-4293,MS,Chestnut Avenue,39120,2018-04-18T16:51:47.000-04:00

GardenCity,160,Example Bank,(XXX)123-4696,NY,Beechwood Drive,11530,2018-04-18T16:51:47.000-04:00

Yakima,164,Example Bank,(XXX)123-4540,WA,Route 30,98908,2018-04-18T16:51:47.000-04:00

Conyers,166,Example Bank,(XXX)123-4935,GA,Route 41,30012,2018-04-18T16:51:47.000-04:00

YubaCity,168,Example Bank,(XXX)123-4317,CA,Williams Street,95993,2018-04-18T16:51:47.000-04:00

Irvington,170,Example Bank,(XXX)123-4419,NJ,Broadway,7111,2018-04-18T16:51:47.000-04:00

Victoria,173,Example Bank,(XXX)123-4337,TX,Victoria Court,77904,2018-04-18T16:51:47.000-04:00

FloralPark,175,Example Bank,(XXX)123-4842,NY,Garfield Avenue,11001,2018-04-18T16:51:47.000-04:00

Baldwin,178,Example Bank,(XXX)123-4612,NY,8th Street West,11510,2018-04-18T16:51:47.000-04:00

NewHaven,180,Example Bank,(XXX)123-4347,CT,Meadow Street,6511,2018-04-18T16:51:47.000-04:00

Quincy,188,Example Bank,(XXX)123-4259,MA,Lincoln Avenue,2169,2018-04-18T16:51:47.000-04:00

Lititz,192,Example Bank,(XXX)123-4937,PA,Glenwood Drive,17543,2018-04-18T16:51:47.000-04:00

Acworth,197,Example Bank,(XXX)123-4914,GA,Briarwood Drive,30101,2018-04-18T16:51:47.000-04:00

